Number of Estimators,# of Folds,Time to Train Boost,Time to Predict with Boost,Training Accuracy,Validation Accuracy
1,6,0.515333374,0.023166577,0.199720002,0.199267135
11,6,3.750499964,0.067999959,0.590613578,0.590598035
21,6,7.041833282,0.118499994,0.669347575,0.667161881
31,6,10.29033331,0.162500024,0.697973444,0.694733315
41,6,13.78900011,0.214999994,0.701273277,0.698032104
51,6,17.2591666,0.285833319,0.70267358,0.703762819
61,6,20.67583334,0.329833269,0.70042751,0.699225104
71,6,23.89599999,0.355833371,0.695767621,0.693825764
81,6,27.38633335,0.402666648,0.699186789,0.695530792