Max Depth,# of Folds,Time to Train Decision Tree,Time to Predict with Decision Tree,Training Accuracy,Validation Accuracy
1,6,2.3146667083104453,0.1066666841506958,0.19972000218456123,0.19926713451151593
4,6,5.5713333288828535,0.0723333756128947,0.5911798189223753,0.5886005057418773
7,6,7.304999987284343,0.05716665585835775,0.7981933105886113,0.7778679932260831
10,6,15.109166661898294,0.09116665522257487,0.9139666869362403,0.8394332390935304
13,6,20.771833340326946,0.09633338451385498,0.9749866133011892,0.8496330015836543
16,6,22.67816670735677,0.06749995549519856,0.9913532817626535,0.8507004483960793
19,6,17.278333346048992,0.054666717847188316,0.9953799791445747,0.8481671146413996
22,6,21.508833249409992,0.08083335558573405,0.9970333434320849,0.848700147933242
