Max Leaf,# of Folds,Time to Train Decision Tree,Time to Predict with Decision Tree,Training Accuracy,Validation Accuracy
100,6,11.73199995358785,0.05733342965443929,0.804426560531299,0.7857672694243463
400,6,18.436333338419598,0.07300007343292236,0.9013332670485985,0.844300640632365
700,6,25.2475000222524,0.052333315213521324,0.9380465603042206,0.8533001962384867
1000,6,19.57433331012726,0.05983332792917887,0.9589865925604814,0.852533935549363
1300,6,31.831999977429707,0.0550000270207723,0.9731332559336788,0.8492999687105637
1600,6,33.300999999046326,0.07533327738444011,0.9853332707502681,0.8487001282679514
1900,6,30.81933335463206,0.1226666768391927,0.996646637823423,0.84940068163476
2200,6,24.603166739145916,0.043999950091044106,1.0,0.8482342478257588
