Depth of Hidden Layer,# of Folds,Time to Train NN,Time to Predict with NN,Training Accuracy,Validation Accuracy
1,6,173.33283336957297,0.08649996916453044,0.9522400830236216,0.9387831745954293
2,6,204.41766667366028,0.10199999809265137,0.9903067582466804,0.9578161446324249
3,6,240.49716663360596,0.1013333002726237,0.999993333666644,0.9641498783440784
4,6,281.7181666692098,0.11783333619435628,0.9954001923809933,0.9658830285046943
5,6,1579.9070000648499,0.19033328692118326,0.9997499899996001,0.9674331387140614
6,6,312.65050001939136,0.16266663869222006,0.9993366533997347,0.9680335171635738
7,6,311.47150003910065,0.14033333460489908,0.999753352665104,0.9681664570728449
8,6,341.9931666453679,0.1486666997273763,0.9980800468622015,0.9683664772508308
