Alpha,# of Folds,Time to Train NN,Time to Predict with NN,Training Accuracy,Validation Accuracy
1e-05,6,168.33716666698456,0.08016665776570638,0.9590635352665163,0.9422827950299215
7.943282347242822e-06,6,173.8736666838328,0.07949999968210857,0.9545666743551499,0.9386499927085662
6.30957344480193e-06,6,172.9878333012263,0.08783328533172607,0.9524167146827082,0.9372002108191752
5.011872336272725e-06,6,171.2631667057673,0.09200000762939453,0.9576598546530072,0.9419674599773806
3.981071705534969e-06,6,174.66766667366028,0.08583335081736247,0.9522467796948325,0.9380995961312383
3.162277660168379e-06,6,728.5803333520889,0.2180000146230062,0.9506332909532197,0.9369502028546051
2.5118864315095823e-06,6,863.370333313942,0.22416667143503824,0.9578600621841468,0.941549963164528
1.9952623149688787e-06,6,165.86383338769278,0.07533331712086995,0.9488898075498037,0.9351005876238907
1.584893192461114e-06,6,168.6211667060852,0.08733328183492024,0.9515061710625488,0.9377853722223698
