Degree of Polynomial Kernel Function,# of Folds,Time to Train SVM,Time to Predict with SVM,Training Accuracy,Validation Accuracy
1,6,161.79466664791107,31.61899999777476,0.9991333431890027,0.908932926214057
2,6,94.92316675186157,30.30833327770233,1.0,0.9733998385271826
3,6,104.16033339500427,27.308666626612347,1.0,0.9702323507388373
4,6,287.6996666987737,60.28483331203461,1.0,0.9622327885500163
5,6,282.87849994500476,43.22533337275187,1.0,0.950632404948717
6,6,172.46983337402344,33.02733337879181,1.0,0.9372652278368597
7,6,166.68133334318796,30.739999969800312,1.0,0.9218319833519933
8,6,184.80949997901917,32.83616662025452,1.0,0.9044648377694808
